DeMarcus Cousins,DeMarcus Cousins
Russell Westbrook,Russell Westbrook
Stephen Curry,Stephen Curry
Kevin Durant,Kevin Durant
James Harden,James Harden
Anthony Davis,Anthony Davis
Chris Paul,Chris Paul
LeBron James,LeBron James
John Wall,John Wall
Kemba Walker,Kemba Walker
Carmelo Anthony,Carmelo Anthony
Blake Griffin,Blake Griffin
Jrue Holiday,Jrue Holiday
Jimmy Butler,Jimmy Butler
Karl-Anthony Towns,Karl-Anthony Towns
Pau Gasol,Pau Gasol
Draymond Green,Draymond Green
Dwight Howard,Dwight Howard
Rajon Rondo,Rajon Rondo
Andre Drummond,Andre Drummond
Paul Millsap,Paul Millsap
Nikola Vucevic,Nikola Vucevic
Kyrie Irving,Kyrie Irving
Nicolas Batum,Nicolas Batum
DeAndre Jordan,DeAndre Jordan
Victor Oladipo,Victor Oladipo
Isaiah Thomas,Isaiah Thomas
Klay Thompson,Klay Thompson
Marc Gasol,Marc Gasol
Kevin Love,Kevin Love
Aaron Gordon,Aaron Gordon
Tyreke Evans,Tyreke Evans
Dirk Nowitzki,Dirk Nowitzki
Zach Randolph,Zach Randolph
Marcin Gortat,Marcin Gortat
Ricky Rubio,Ricky Rubio
Al Horford,Al Horford
Chandler Parsons,Chandler Parsons
Reggie Jackson,Reggie Jackson
Mike Conley,Mike Conley
Rudy Gay,Rudy Gay
Derrick Rose,Derrick Rose
Andrew Wiggins,Andrew Wiggins
Tobias Harris,Tobias Harris
JaMychal Green,JaMychal Green
Jared Sullinger,Jared Sullinger
Kristaps Porzingis,Kristaps Porzingis
Robin Lopez,Robin Lopez
Gorgui Dieng,Gorgui Dieng
Evan Fournier,Evan Fournier
Zach LaVine,Zach LaVine
Matt Barnes,Matt Barnes
Marvin Williams,Marvin Williams
Jeff Teague,Jeff Teague
Trevor Ariza,Trevor Ariza
Evan Turner,Evan Turner
Elfrid Payton,Elfrid Payton
Ryan Anderson,Ryan Anderson
Serge Ibaka,Serge Ibaka
Lance Stephenson,Lance Stephenson
Jae Crowder,Jae Crowder
Norris Cole,Norris Cole
Joakim Noah,Joakim Noah
Kentavious Caldwell-Pope,Kentavious Caldwell-Pope
K. Caldwell-Pope,Kentavious Caldwell-Pope
Bradley Beal,Bradley Beal
Deron Williams,Deron Williams
Darren Collison,Darren Collison
Marcus Morris,Marcus Morris
Tony Allen,Tony Allen
Patrick Beverley,Patrick Beverley
Eric Gordon,Eric Gordon
Markieff Morris,Markieff Morris
Avery Bradley,Avery Bradley
Nikola Mirotic,Nikola Mirotic
David Lee,David Lee
Taj Gibson,Taj Gibson
Tristan Thompson,Tristan Thompson
J.J. Redick,J.J. Redick
Toney Douglas,Toney Douglas
E'Twaun Moore,E'Twaun Moore
Enes Kanter,Enes Kanter
Kent Bazemore,Kent Bazemore
Vince Carter,Vince Carter
Al Jefferson,Al Jefferson
J.R. Smith,J.R. Smith
Arron Afflalo,Arron Afflalo
Jeff Green,Jeff Green
Michael Kidd-Gilchrist,Michael Kidd-Gilchrist
Otto Porter,Otto Porter
Jamal Crawford,Jamal Crawford
Jose Calderon,Jose Calderon
Harrison Barnes,Harrison Barnes
Zaza Pachulia,Zaza Pachulia
Andrew Bogut,Andrew Bogut
Wesley Matthews,Wesley Matthews
Omri Casspi,Omri Casspi
Marcus Smart,Marcus Smart
Derrick Williams,Derrick Williams
Stanley Johnson,Stanley Johnson
Mike Dunleavy,Mike Dunleavy
Kelly Olynyk,Kelly Olynyk
Cody Zeller,Cody Zeller
Dennis Schroder,Dennis Schroder
Bobby Portis,Bobby Portis
Mario Hezonja,Mario Hezonja
Kyle Korver,Kyle Korver
Nene Hilario,Nene Hilario
Raymond Felton,Raymond Felton
Jason Smith,Jason Smith
Ersan Ilyasova,Ersan Ilyasova
Luke Babbitt,Luke Babbitt
Langston Galloway,Langston Galloway
Steven Adams,Steven Adams
Andre Iguodala,Andre Iguodala
Sasha Vujacic,Sasha Vujacic
Shabazz Muhammad,Shabazz Muhammad
Courtney Lee,Courtney Lee
Justin Holiday,Justin Holiday
Michael Beasley,Michael Beasley
Brandon Jennings,Brandon Jennings
Doug McDermott,Doug McDermott
Corey Brewer,Corey Brewer
Wesley Johnson,Wesley Johnson
Spencer Hawes,Spencer Hawes
Marreese Speights,Marreese Speights
Jeremy Lin,Jeremy Lin
Dion Waiters,Dion Waiters
Willie Cauley-Stein,Willie Cauley-Stein
Jarell Martin,Jarell Martin
C.J. Watson,C.J. Watson
Shaun Livingston,Shaun Livingston
Amir Johnson,Amir Johnson
Festus Ezeli,Festus Ezeli
Iman Shumpert,Iman Shumpert
Ray McCallum,Ray McCallum
J.J. Barea,J.J. Barea
Jared Dudley,Jared Dudley
Brandan Wright,Brandan Wright
Frank Kaminsky,Frank Kaminsky
P.J. Hairston,P.J. Hairston
Clint Capela,Clint Capela
Channing Frye,Channing Frye
Josh Smith,Josh Smith
Garrett Temple,Garrett Temple
Ramon Sessions,Ramon Sessions
Thabo Sefolosha,Thabo Sefolosha
Alex Stepheson,Alex Stepheson
Matthew Dellavedova,Matthew Dellavedova
Dewayne Dedmon,Dewayne Dedmon
Briante Weber,Briante Weber
Ryan Hollins,Ryan Hollins
Kris Humphries,Kris Humphries
Anthony Tolliver,Anthony Tolliver
Dante Cunningham,Dante Cunningham
Alonzo Gee,Alonzo Gee
Marco Belinelli,Marco Belinelli
Tyler Zeller,Tyler Zeller
Quincy Acy,Quincy Acy
Donatas Motiejunas,Donatas Motiejunas
Paul Pierce,Paul Pierce
Jason Terry,Jason Terry
Devin Harris,Devin Harris
Kosta Koufos,Kosta Koufos
Cole Aldrich,Cole Aldrich
Jonas Jerebko,Jonas Jerebko
Jerian Grant,Jerian Grant
Reggie Bullock,Reggie Bullock
Timofey Mozgov,Timofey Mozgov
Austin Rivers,Austin Rivers
Kevin Garnett,Kevin Garnett
Nazr Mohammed,Nazr Mohammed
Richard Jefferson,Richard Jefferson
Nick Collison,Nick Collison
Kirk Hinrich,Kirk Hinrich
Steve Blake,Steve Blake
James Jones,James Jones
Mo Williams,Mo Williams
Louis Amundson,Louis Amundson
Alan Anderson,Alan Anderson
Chris Andersen,Chris Andersen
Drew Gooden,Drew Gooden
Caron Butler,Caron Butler
Tayshaun Prince,Tayshaun Prince
Randy Foye,Randy Foye
Kendrick Perkins,Kendrick Perkins
Leandro Barbosa,Leandro Barbosa
Aaron Brooks,Aaron Brooks
Charlie Villanueva,Charlie Villanueva
Anderson Varejao,Anderson Varejao
Sasha Kaun,Sasha Kaun
Anthony Morrow,Anthony Morrow
Joel Anthony,Joel Anthony
Luc Richard Mbah a Moute,Luc Richard Mbah a Moute
Tyler Hansbrough,Tyler Hansbrough
Aron Baynes,Aron Baynes
Brandon Rush,Brandon Rush
Quincy Pondexter,Quincy Pondexter
Jodie Meeks,Jodie Meeks
Lance Thomas,Lance Thomas
JaVale McGee,JaVale McGee
Jeremy Evans,Jeremy Evans
Tiago Splitter,Tiago Splitter
Justin Harper,Justin Harper
Mike Scott,Mike Scott
Kyle Singler,Kyle Singler
Marcus Thornton,Marcus Thornton
James Anderson,James Anderson
J.J. Hickson,J.J. Hickson
Andrew Goudelock,Andrew Goudelock
Orlando Johnson,Orlando Johnson
Alexis Ajinca,Alexis Ajinca
Nikola Pekovic,Nikola Pekovic
Omer Asik,Omer Asik
Jorge Gutierrez,Jorge Gutierrez
Andrew Nicholson,Andrew Nicholson
Seth Curry,Seth Curry
Kyle O'Quinn,Kyle O'Quinn
Ian Clark,Ian Clark
Lamar Patterson,Lamar Patterson
C.J. Wilcox,C.J. Wilcox
Troy Daniels,Troy Daniels
Greg Smith,Greg Smith
Mike Muscala,Mike Muscala
Andre Roberson,Andre Roberson
Bryce Dejean-Jones,Bryce Dejean-Jones
Kevin Seraphin,Kevin Seraphin
Nemanja Bjelica,Nemanja Bjelica
Tony Snell,Tony Snell
Cameron Bairstow,Cameron Bairstow
Tim Hardaway Jr.,Tim Hardaway Jr.
Duje Dukan,Duje Dukan
Jarell Eddie,Jarell Eddie
Josh Huestis,Josh Huestis
Dwight Powell,Dwight Powell
Jordan McRae,Jordan McRae
Pablo Prigioni,Pablo Prigioni
Jeremy Lamb,Jeremy Lamb
Shabazz Napier,Shabazz Napier
Eric Moreland,Eric Moreland
Devyn Marble,Devyn Marble
Terrence Jones,Terrence Jones
Adreian Payne,Adreian Payne
Salah Mejri,Salah Mejri
Darrun Hilliard,Darrun Hilliard
Spencer Dinwiddie,Spencer Dinwiddie
K.J. McDaniels,K.J. McDaniels
Ben McLemore,Ben McLemore
Branden Dawson,Branden Dawson
James Michael McAdoo,James Michael McAdoo
Sam Dekker,Sam Dekker
R.J. Hunter,R.J. Hunter
Coty Clarke,Coty Clarke
Jordan Adams,Jordan Adams
Justin Anderson,Justin Anderson
Montrezl Harrell,Montrezl Harrell
Mitch McGary,Mitch McGary
Cleanthony Early,Cleanthony Early
Jordan Mickey,Jordan Mickey
Terry Rozier,Terry Rozier
James Young,James Young
Aaron Harrison,Aaron Harrison
Cameron Payne,Cameron Payne
Walter Tavares,Walter Tavares
Damjan Rudez,Damjan Rudez
Cristiano Felicio,Cristiano Felicio
Tyus Jones,Tyus Jones
Kelly Oubre Jr.,Kelly Oubre Jr.
Kevon Looney,Kevon Looney
L. Mbah a Moute,Luc Richard Mbah a Moute
D. Motiejunas,Donatas Motiejunas
W. Cauley-Stein,Willie Cauley-Stein
Otto Jr.,Otto Porter
Tim Jr.,Tim Hardaway Jr.
Luc Moute,Luc Richard Mbah a Moute
James McAdoo,James Michael McAdoo
Kelly Jr.,Kelly Oubre Jr.
Roy Marble,Devyn Marble
Giannis Antetokounmpo,Giannis Antetokounmpo
G. Antetokounmpo,Giannis Antetokounmpo
Damian Lillard,Damian Lillard
Paul George,Paul George
Kawhi Leonard,Kawhi Leonard
Kyle Lowry,Kyle Lowry
Hassan Whiteside,Hassan Whiteside
Brook Lopez,Brook Lopez
Eric Bledsoe,Eric Bledsoe
DeMar DeRozan,DeMar DeRozan
Derrick Favors,Derrick Favors
Thaddeus Young,Thaddeus Young
LaMarcus Aldridge,LaMarcus Aldridge
Khris Middleton,Khris Middleton
Dwyane Wade,Dwyane Wade
Gordon Hayward,Gordon Hayward
Brandon Knight,Brandon Knight
Nerlens Noel,Nerlens Noel
Chris Bosh,Chris Bosh
Goran Dragic,Goran Dragic
Alex Len,Alex Len
Nikola Jokic,Nikola Jokic
Ish Smith,Ish Smith
Danilo Gallinari,Danilo Gallinari
Luol Deng,Luol Deng
Devin Booker,Devin Booker
Jarrett Jack,Jarrett Jack
C.J. McCollum,C.J. McCollum
Robert Covington,Robert Covington
Emmanuel Mudiay,Emmanuel Mudiay
Rudy Gobert,Rudy Gobert
Jabari Parker,Jabari Parker
Monta Ellis,Monta Ellis
Kenneth Faried,Kenneth Faried
K. Faried,Kenneth Faried
Greg Monroe,Greg Monroe
Jahlil Okafor,Jahlil Okafor
Rodney Hood,Rodney Hood
Shelvin Mack,Shelvin Mack
Joe Johnson,Joe Johnson
Wilson Chandler,Wilson Chandler
Will Barton,Will Barton
Michael Carter-Williams,Michael Carter-Williams
Jerami Grant,Jerami Grant
Gary Harris,Gary Harris
Jonas Valanciunas,Jonas Valanciunas
Myles Turner,Myles Turner
Bojan Bogdanovic,Bojan Bogdanovic
Ian Mahinmi,Ian Mahinmi
DeMarre Carroll,DeMarre Carroll
Tyson Chandler,Tyson Chandler
Tim Duncan,Tim Duncan
Isaiah Canaan,Isaiah Canaan
Mirza Teletovic,Mirza Teletovic
Rondae Hollis-Jefferson,Rondae Hollis-Jefferson
D.J. Augustin,D.J. Augustin
Donald Sloan,Donald Sloan
Jerryd Bayless,Jerryd Bayless
Hollis Thompson,Hollis Thompson
Tony Parker,Tony Parker
P.J. Tucker,P.J. Tucker
George Hill,George Hill
Carl Landry,Carl Landry
Patty Mills,Patty Mills
Bismack Biyombo,Bismack Biyombo
Josh Richardson,Josh Richardson
Danny Green,Danny Green
David West,David West
Justise Winslow,Justise Winslow
Jordan Hill,Jordan Hill
Patrick Patterson,Patrick Patterson
Alec Burks,Alec Burks
Mason Plumlee,Mason Plumlee
Darrell Arthur,Darrell Arthur
Markel Brown,Markel Brown
T.J. Warren,T.J. Warren
Manu Ginobili,Manu Ginobili
C.J. Miles,C.J. Miles
Wayne Ellington,Wayne Ellington
Al-Farouq Aminu,Al-Farouq Aminu
Ed Davis,Ed Davis
Cory Joseph,Cory Joseph
Richaun Holmes,Richaun Holmes
Nik Stauskas,Nik Stauskas
Jameer Nelson,Jameer Nelson
Ronnie Price,Ronnie Price
Luis Scola,Luis Scola
O.J. Mayo,O.J. Mayo
John Henson,John Henson
Tyler Johnson,Tyler Johnson
Miles Plumlee,Miles Plumlee
Terrence Ross,Terrence Ross
Meyers Leonard,Meyers Leonard
Joe Ingles,Joe Ingles
Jusuf Nurkic,Jusuf Nurkic
Gerald Henderson,Gerald Henderson
Trevor Booker,Trevor Booker
Sean Kilpatrick,Sean Kilpatrick
Norman Powell,Norman Powell
Shane Larkin,Shane Larkin
Elton Brand,Elton Brand
Amar'e Stoudemire,Amar'e Stoudemire
Ty Lawson,Ty Lawson
Allen Crabbe,Allen Crabbe
T.J. McConnell,T.J. McConnell
Joffrey Lauvergne,Joffrey Lauvergne
Rodney Stuckey,Rodney Stuckey
Jason Thompson,Jason Thompson
Gerald Green,Gerald Green
James Johnson,James Johnson
Jon Leuer,Jon Leuer
Lavoy Allen,Lavoy Allen
Maurice Harkless,Maurice Harkless
Andre Miller,Andre Miller
Mike Miller,Mike Miller
Matt Bonner,Matt Bonner
Chris Kaman,Chris Kaman
Kevin Martin,Kevin Martin
Steve Novak,Steve Novak
Boris Diaw,Boris Diaw
Udonis Haslem,Udonis Haslem
Brian Roberts,Brian Roberts
Josh McRoberts,Josh McRoberts
Chase Budinger,Chase Budinger
Greivis Vasquez,Greivis Vasquez
Sonny Weems,Sonny Weems
Jeff Withey,Jeff Withey
Chris Johnson,Chris Johnson
Willie Reed,Willie Reed
Shayne Whittington,Shayne Whittington
Solomon Hill,Solomon Hill
John Jenkins,John Jenkins
Thomas Robinson,Thomas Robinson
Tibor Pleiss,Tibor Pleiss
Kendall Marshall,Kendall Marshall
Boban Marjanovic,Boban Marjanovic
Jonathon Simmons,Jonathon Simmons
Joe Young,Joe Young
Pat Connaughton,Pat Connaughton
Johnny O'Bryant,Johnny O'Bryant
Trey Burke,Trey Burke
Alan Williams,Alan Williams
Rakeem Christmas,Rakeem Christmas
Jakarr Sampson,Jakarr Sampson
JaKarr Sampson,Jakarr Sampson
Lucas Nogueira,Lucas Nogueira
Sergey Karasev,Sergey Karasev
Kyle Anderson,Kyle Anderson
Glenn Robinson III,Glenn Robinson III
Archie Goodwin,Archie Goodwin
Raul Neto,Raul Neto
Delon Wright,Delon Wright
Tyler Ennis,Tyler Ennis
Noah Vonleh,Noah Vonleh
Joel Embiid,Joel Embiid
Danté Exum,Danté Exum
Bruno Caboclo,Bruno Caboclo
Damien Inglis,Damien Inglis
Cliff Alexander,Cliff Alexander
Trey Lyles,Trey Lyles
Rashad Vaughn,Rashad Vaughn
Chris McCullough,Chris McCullough
Luis Montero,Luis Montero
Axel Toupane,Axel Toupane
Joseph Young,Joe Young
Tim Hardaway,Tim Hardaway Jr.
