Felipe Paulino,Felipe Paulino
Matt Barnes,Matt Barnes
Joakim Soria,Joakim Soria
Jackie Bradley Jr.,Jackie Bradley Jr.
Mark Teixeira,Mark Teixeira
Will Harris,Will Harris
Kevin Plawecki,Kevin Plawecki
Clay Buchholz,Clay Buchholz
Eury Perez,Eury Perez
Max Stassi,Max Stassi
David Price,David Price
Dustin Pedroia,Dustin Pedroia
Rick Porcello,Rick Porcello
Trevor Bauer,Trevor Bauer
Michael Feliz,Michael Feliz
Tommy Hunter,Tommy Hunter
Evan Gattis,Evan Gattis
Matt Duffy,Matt Duffy
Yordano Ventura,Yordano Ventura
Jose Ramirez,Jose Ramirez
Zach McAllister,Zach McAllister
Koji Uehara,Koji Uehara
Joe Kelly,Joe Kelly
Drew Butera,Drew Butera
Johnny Barbato,Johnny Barbato
Chris Young,Chris Young
Cody Anderson,Cody Anderson
Doug Fister,Doug Fister
Cesar Puello,Cesar Puello
Neil Walker,Neil Walker
Juan Uribe,Juan Uribe
Jason Castro,Jason Castro
Francisco Lindor,Francisco Lindor
Ivan Nova,Ivan Nova
Abraham Almonte,Abraham Almonte
Buddy Carlyle,Buddy Carlyle
Travis d'Arnaud,Travis d'Arnaud
Bartolo Colon,Bartolo Colon
Dallas Keuchel,Dallas Keuchel
Dustin Ackley,Dustin Ackley
Ronald Torreyes,Ronald Torreyes
Preston Tucker,Preston Tucker
David Wright,David Wright
Alex Rodriguez,Alex Rodriguez
Mike Napoli,Mike Napoli
Greg Holland,Greg Holland
Ross Detwiler,Ross Detwiler
Eric Campbell,Eric Campbell
Andrew Miller,Andrew Miller
Brett Gardner,Brett Gardner
Michael Pineda,Michael Pineda
Alejandro De Aza,Alejandro De Aza
Brian Johnson,Brian Johnson
Erik Kratz,Erik Kratz
Kendrys Morales,Kendrys Morales
Darin Downs,Darin Downs
Rusney Castillo,Rusney Castillo
Mason Williams,Mason Williams
Carson Smith,Carson Smith
Erik Goeddel,Erik Goeddel
Jason Vargas,Jason Vargas
Danny Salazar,Danny Salazar
Paulo Orlando,Paulo Orlando
Bryan Shaw,Bryan Shaw
Aaron Hicks,Aaron Hicks
Chien-Ming Wang,Chien-Ming Wang
Yan Gomes,Yan Gomes
Steven Matz,Steven Matz
Jason Kipnis,Jason Kipnis
Austin Romine,Austin Romine
Carlos Correa,Carlos Correa
Domingo German,Domingo German
Eduardo Rodriguez,Eduardo Rodriguez
Rajai Davis,Rajai Davis
Jarrod Dyson,Jarrod Dyson
Asdrubal Cabrera,Asdrubal Cabrera
CC Sabathia,CC Sabathia
Kris Medlen,Kris Medlen
Starlin Castro,Starlin Castro
Alcides Escobar,Alcides Escobar
Junichi Tazawa,Junichi Tazawa
Scott Feldman,Scott Feldman
Matt Harvey,Matt Harvey
Kelvin Herrera,Kelvin Herrera
Jacoby Ellsbury,Jacoby Ellsbury
Xander Bogaerts,Xander Bogaerts
Dillon Gee,Dillon Gee
Michael Conforto,Michael Conforto
Christian Colon,Christian Colon
Josh Fields,Josh Fields
Pablo Sandoval,Pablo Sandoval
Hansel Robles,Hansel Robles
Antonio Bastardo,Antonio Bastardo
Nathan Eovaldi,Nathan Eovaldi
Eric Hosmer,Eric Hosmer
Michael Cuddyer,Michael Cuddyer
Chasen Shreve,Chasen Shreve
Pat Neshek,Pat Neshek
Collin Cowgill,Collin Cowgill
Aroldis Chapman,Aroldis Chapman
Blake Swihart,Blake Swihart
Lorenzo Cain,Lorenzo Cain
Edinson Volquez,Edinson Volquez
Lucas Duda,Lucas Duda
Omar Infante,Omar Infante
Carlos Carrasco,Carlos Carrasco
Terrance Gore,Terrance Gore
Mike Fiers,Mike Fiers
Carlos Santana,Carlos Santana
Noe Ramirez,Noe Ramirez
Ryan Hanigan,Ryan Hanigan
Craig Stammen,Craig Stammen
Zack Wheeler,Zack Wheeler
Robbie Ross Jr.,Robbie Ross Jr.
Luis Valbuena,Luis Valbuena
Jose Altuve,Jose Altuve
Travis Shaw,Travis Shaw
Marwin Gonzalez,Marwin Gonzalez
Jeff Manship,Jeff Manship
Sergio Santos,Sergio Santos
Christian Vazquez,Christian Vazquez
Yoenis Cespedes,Yoenis Cespedes
Luis Severino,Luis Severino
Brian McCann,Brian McCann
Chase Headley,Chase Headley
Tommy Layne,Tommy Layne
Steven Wright,Steven Wright
Hanley Ramirez,Hanley Ramirez
Jerry Blevins,Jerry Blevins
Brandon Workman,Brandon Workman
Luke Gregerson,Luke Gregerson
Rob Refsnyder,Rob Refsnyder
Cody Allen,Cody Allen
Mookie Betts,Mookie Betts
Corey Kluber,Corey Kluber
Jenrry Mejia,Jenrry Mejia
Logan Verrett,Logan Verrett
Carlos Gomez,Carlos Gomez
Josh Edgin,Josh Edgin
Mike Minor,Mike Minor
Carlos Corporan,Carlos Corporan
Wade Davis,Wade Davis
Danny Duffy,Danny Duffy
Dellin Betances,Dellin Betances
Alex Gordon,Alex Gordon
Jake Marisnick,Jake Marisnick
Craig Kimbrel,Craig Kimbrel
Wilmer Flores,Wilmer Flores
Greg Bird,Greg Bird
Curtis Granderson,Curtis Granderson
Diego Moreno,Diego Moreno
Tim Collins,Tim Collins
Marlon Byrd,Marlon Byrd
George Springer,George Springer
Jim Henderson,Jim Henderson
Tyler White,Tyler White
Brock Holt,Brock Holt
Carlos Beltran,Carlos Beltran
Dan Otero,Dan Otero
Colby Rasmus,Colby Rasmus
Ian Kennedy,Ian Kennedy
Noah Syndergaard,Noah Syndergaard
Tony Sipp,Tony Sipp
Jeurys Familia,Jeurys Familia
Collin McHugh,Collin McHugh
Tyler Naquin,Tyler Naquin
Mike Moustakas,Mike Moustakas
Anthony Varvaro,Anthony Varvaro
Josh Tomlin,Josh Tomlin
Ken Giles,Ken Giles
Michael Brantley,Michael Brantley
Juan Lagares,Juan Lagares
Luke Hochevar,Luke Hochevar
Addison Reed,Addison Reed
Didi Gregorius,Didi Gregorius
Kirby Yates,Kirby Yates
Salvador Perez,Salvador Perez
Scott Rice,Scott Rice
David Ortiz,David Ortiz
Lance McCullers,Lance McCullers
Reymond Fuentes,Reymond Fuentes
Roberto Perez,Roberto Perez
Lonnie Chisenhall,Lonnie Chisenhall
Bryan Mitchell,Bryan Mitchell
Masahiro Tanaka,Masahiro Tanaka
Luis Cessa,Luis Cessa
Jacob deGrom,Jacob deGrom
